id,firstname,lastname,email,email2,profession
100,Winifred,Romelda,Winifred.Romelda@yopmail.com,Winifred.Romelda@gmail.com,police officer
101,Keelia,Berl,Keelia.Berl@yopmail.com,Keelia.Berl@gmail.com,doctor
102,Sandie,Sabella,Sandie.Sabella@yopmail.com,Sandie.Sabella@gmail.com,developer
103,Fernande,Mandler,Fernande.Mandler@yopmail.com,Fernande.Mandler@gmail.com,worker
104,Gretal,Lane,Gretal.Lane@yopmail.com,Gretal.Lane@gmail.com,firefighter
105,Lexine,Breed,Lexine.Breed@yopmail.com,Lexine.Breed@gmail.com,firefighter
106,Dulce,Arathorn,Dulce.Arathorn@yopmail.com,Dulce.Arathorn@gmail.com,developer
107,Mariele,Letsou,Mariele.Letsou@yopmail.com,Mariele.Letsou@gmail.com,firefighter
108,Sonni,Joseph,Sonni.Joseph@yopmail.com,Sonni.Joseph@gmail.com,worker
109,Misha,Lynn,Misha.Lynn@yopmail.com,Misha.Lynn@gmail.com,doctor
110,Cassondra,Fancie,Cassondra.Fancie@yopmail.com,Cassondra.Fancie@gmail.com,firefighter
111,Brietta,Heisel,Brietta.Heisel@yopmail.com,Brietta.Heisel@gmail.com,developer
112,Angelique,Grobe,Angelique.Grobe@yopmail.com,Angelique.Grobe@gmail.com,firefighter
113,Ricky,Anastatius,Ricky.Anastatius@yopmail.com,Ricky.Anastatius@gmail.com,worker
114,Natka,Armanda,Natka.Armanda@yopmail.com,Natka.Armanda@gmail.com,doctor
115,Dotty,Artie,Dotty.Artie@yopmail.com,Dotty.Artie@gmail.com,worker
116,Joceline,Goddard,Joceline.Goddard@yopmail.com,Joceline.Goddard@gmail.com,firefighter
117,Mureil,Natalia,Mureil.Natalia@yopmail.com,Mureil.Natalia@gmail.com,police officer
118,Jessamyn,Olnee,Jessamyn.Olnee@yopmail.com,Jessamyn.Olnee@gmail.com,firefighter
119,Karolina,LaRue,Karolina.LaRue@yopmail.com,Karolina.LaRue@gmail.com,developer
120,Katleen,Andrel,Katleen.Andrel@yopmail.com,Katleen.Andrel@gmail.com,police officer
121,Genovera,Boehike,Genovera.Boehike@yopmail.com,Genovera.Boehike@gmail.com,worker
122,Sibella,Aldric,Sibella.Aldric@yopmail.com,Sibella.Aldric@gmail.com,police officer
123,Leanna,Bethany,Leanna.Bethany@yopmail.com,Leanna.Bethany@gmail.com,worker
124,Feliza,Rocray,Feliza.Rocray@yopmail.com,Feliza.Rocray@gmail.com,firefighter
125,Nerta,Zola,Nerta.Zola@yopmail.com,Nerta.Zola@gmail.com,doctor
126,Maud,Jotham,Maud.Jotham@yopmail.com,Maud.Jotham@gmail.com,doctor
127,Chere,Hessler,Chere.Hessler@yopmail.com,Chere.Hessler@gmail.com,doctor
128,Letizia,Elephus,Letizia.Elephus@yopmail.com,Letizia.Elephus@gmail.com,firefighter
129,Shauna,Flyn,Shauna.Flyn@yopmail.com,Shauna.Flyn@gmail.com,worker
130,Ira,Diogenes,Ira.Diogenes@yopmail.com,Ira.Diogenes@gmail.com,developer
131,Atlanta,Pattin,Atlanta.Pattin@yopmail.com,Atlanta.Pattin@gmail.com,police officer
132,Orelia,Suzetta,Orelia.Suzetta@yopmail.com,Orelia.Suzetta@gmail.com,police officer
133,Suzette,Solitta,Suzette.Solitta@yopmail.com,Suzette.Solitta@gmail.com,worker
134,Daune,Prouty,Daune.Prouty@yopmail.com,Daune.Prouty@gmail.com,firefighter
135,Dominga,Abernon,Dominga.Abernon@yopmail.com,Dominga.Abernon@gmail.com,firefighter
136,Rhea,Tengdin,Rhea.Tengdin@yopmail.com,Rhea.Tengdin@gmail.com,developer
137,Andeee,Codding,Andeee.Codding@yopmail.com,Andeee.Codding@gmail.com,worker
138,Ezmeralda,Raama,Ezmeralda.Raama@yopmail.com,Ezmeralda.Raama@gmail.com,worker
139,Kaja,Adalbert,Kaja.Adalbert@yopmail.com,Kaja.Adalbert@gmail.com,worker
140,Ellette,Letsou,Ellette.Letsou@yopmail.com,Ellette.Letsou@gmail.com,doctor
141,Meriel,Dosia,Meriel.Dosia@yopmail.com,Meriel.Dosia@gmail.com,worker
142,Keelia,Naor,Keelia.Naor@yopmail.com,Keelia.Naor@gmail.com,doctor
143,Ardeen,Hutchison,Ardeen.Hutchison@yopmail.com,Ardeen.Hutchison@gmail.com,developer
144,Jaclyn,Clara,Jaclyn.Clara@yopmail.com,Jaclyn.Clara@gmail.com,worker
145,Liana,Beebe,Liana.Beebe@yopmail.com,Liana.Beebe@gmail.com,doctor
146,Eugine,Anyah,Eugine.Anyah@yopmail.com,Eugine.Anyah@gmail.com,doctor
147,Roxane,Elvyn,Roxane.Elvyn@yopmail.com,Roxane.Elvyn@gmail.com,firefighter
148,Daune,Lory,Daune.Lory@yopmail.com,Daune.Lory@gmail.com,developer
149,Marline,Beebe,Marline.Beebe@yopmail.com,Marline.Beebe@gmail.com,doctor